,name,pic1,pic2,path1,path2,recognized,path1_x2,path2_x2,recognized_x2
0,Abel_Pacheco,1,4,dataset/lfw_funneled/Abel_Pacheco/Abel_Pacheco_0001.jpg,dataset/lfw_funneled/Abel_Pacheco/Abel_Pacheco_0004.jpg,True,output/Abel_Pacheco_0001_result.jpg,output/Abel_Pacheco_0004_result.jpg,True
1,Akhmed_Zakayev,1,3,dataset/lfw_funneled/Akhmed_Zakayev/Akhmed_Zakayev_0001.jpg,dataset/lfw_funneled/Akhmed_Zakayev/Akhmed_Zakayev_0003.jpg,True,output/Akhmed_Zakayev_0001_result.jpg,output/Akhmed_Zakayev_0003_result.jpg,True
2,Akhmed_Zakayev,2,3,dataset/lfw_funneled/Akhmed_Zakayev/Akhmed_Zakayev_0002.jpg,dataset/lfw_funneled/Akhmed_Zakayev/Akhmed_Zakayev_0003.jpg,True,output/Akhmed_Zakayev_0002_result.jpg,output/Akhmed_Zakayev_0003_result.jpg,True
3,Amber_Tamblyn,1,2,dataset/lfw_funneled/Amber_Tamblyn/Amber_Tamblyn_0001.jpg,dataset/lfw_funneled/Amber_Tamblyn/Amber_Tamblyn_0002.jpg,True,output/Amber_Tamblyn_0001_result.jpg,output/Amber_Tamblyn_0002_result.jpg,True
4,Anders_Fogh_Rasmussen,1,3,dataset/lfw_funneled/Anders_Fogh_Rasmussen/Anders_Fogh_Rasmussen_0001.jpg,dataset/lfw_funneled/Anders_Fogh_Rasmussen/Anders_Fogh_Rasmussen_0003.jpg,True,output/Anders_Fogh_Rasmussen_0001_result.jpg,output/Anders_Fogh_Rasmussen_0003_result.jpg,True
5,Anders_Fogh_Rasmussen,1,4,dataset/lfw_funneled/Anders_Fogh_Rasmussen/Anders_Fogh_Rasmussen_0001.jpg,dataset/lfw_funneled/Anders_Fogh_Rasmussen/Anders_Fogh_Rasmussen_0004.jpg,True,output/Anders_Fogh_Rasmussen_0001_result.jpg,output/Anders_Fogh_Rasmussen_0004_result.jpg,True
6,Angela_Bassett,1,5,dataset/lfw_funneled/Angela_Bassett/Angela_Bassett_0001.jpg,dataset/lfw_funneled/Angela_Bassett/Angela_Bassett_0005.jpg,True,output/Angela_Bassett_0001_result.jpg,output/Angela_Bassett_0005_result.jpg,True
7,Angela_Bassett,2,5,dataset/lfw_funneled/Angela_Bassett/Angela_Bassett_0002.jpg,dataset/lfw_funneled/Angela_Bassett/Angela_Bassett_0005.jpg,True,output/Angela_Bassett_0002_result.jpg,output/Angela_Bassett_0005_result.jpg,True
8,Angela_Bassett,3,4,dataset/lfw_funneled/Angela_Bassett/Angela_Bassett_0003.jpg,dataset/lfw_funneled/Angela_Bassett/Angela_Bassett_0004.jpg,True,output/Angela_Bassett_0003_result.jpg,output/Angela_Bassett_0004_result.jpg,True
9,Ann_Veneman,3,5,dataset/lfw_funneled/Ann_Veneman/Ann_Veneman_0003.jpg,dataset/lfw_funneled/Ann_Veneman/Ann_Veneman_0005.jpg,True,output/Ann_Veneman_0003_result.jpg,output/Ann_Veneman_0005_result.jpg,True
10,Ann_Veneman,6,10,dataset/lfw_funneled/Ann_Veneman/Ann_Veneman_0006.jpg,dataset/lfw_funneled/Ann_Veneman/Ann_Veneman_0010.jpg,False,output/Ann_Veneman_0006_result.jpg,output/Ann_Veneman_0010_result.jpg,False
11,Ann_Veneman,10,11,dataset/lfw_funneled/Ann_Veneman/Ann_Veneman_0010.jpg,dataset/lfw_funneled/Ann_Veneman/Ann_Veneman_0011.jpg,False,output/Ann_Veneman_0010_result.jpg,output/Ann_Veneman_0011_result.jpg,False
12,Anthony_Fauci,1,2,dataset/lfw_funneled/Anthony_Fauci/Anthony_Fauci_0001.jpg,dataset/lfw_funneled/Anthony_Fauci/Anthony_Fauci_0002.jpg,True,output/Anthony_Fauci_0001_result.jpg,output/Anthony_Fauci_0002_result.jpg,True
13,Antony_Leung,1,2,dataset/lfw_funneled/Antony_Leung/Antony_Leung_0001.jpg,dataset/lfw_funneled/Antony_Leung/Antony_Leung_0002.jpg,True,output/Antony_Leung_0001_result.jpg,output/Antony_Leung_0002_result.jpg,True
14,Antony_Leung,2,3,dataset/lfw_funneled/Antony_Leung/Antony_Leung_0002.jpg,dataset/lfw_funneled/Antony_Leung/Antony_Leung_0003.jpg,True,output/Antony_Leung_0002_result.jpg,output/Antony_Leung_0003_result.jpg,True
15,Anwar_Ibrahim,1,2,dataset/lfw_funneled/Anwar_Ibrahim/Anwar_Ibrahim_0001.jpg,dataset/lfw_funneled/Anwar_Ibrahim/Anwar_Ibrahim_0002.jpg,True,output/Anwar_Ibrahim_0001_result.jpg,output/Anwar_Ibrahim_0002_result.jpg,True
16,Augusto_Pinochet,1,2,dataset/lfw_funneled/Augusto_Pinochet/Augusto_Pinochet_0001.jpg,dataset/lfw_funneled/Augusto_Pinochet/Augusto_Pinochet_0002.jpg,True,output/Augusto_Pinochet_0001_result.jpg,output/Augusto_Pinochet_0002_result.jpg,True
17,Barbara_Brezigar,1,2,dataset/lfw_funneled/Barbara_Brezigar/Barbara_Brezigar_0001.jpg,dataset/lfw_funneled/Barbara_Brezigar/Barbara_Brezigar_0002.jpg,True,output/Barbara_Brezigar_0001_result.jpg,output/Barbara_Brezigar_0002_result.jpg,False
18,Benjamin_Netanyahu,1,4,dataset/lfw_funneled/Benjamin_Netanyahu/Benjamin_Netanyahu_0001.jpg,dataset/lfw_funneled/Benjamin_Netanyahu/Benjamin_Netanyahu_0004.jpg,True,output/Benjamin_Netanyahu_0001_result.jpg,output/Benjamin_Netanyahu_0004_result.jpg,True
19,Benjamin_Netanyahu,4,5,dataset/lfw_funneled/Benjamin_Netanyahu/Benjamin_Netanyahu_0004.jpg,dataset/lfw_funneled/Benjamin_Netanyahu/Benjamin_Netanyahu_0005.jpg,True,output/Benjamin_Netanyahu_0004_result.jpg,output/Benjamin_Netanyahu_0005_result.jpg,True
20,Bernard_Law,2,3,dataset/lfw_funneled/Bernard_Law/Bernard_Law_0002.jpg,dataset/lfw_funneled/Bernard_Law/Bernard_Law_0003.jpg,True,output/Bernard_Law_0002_result.jpg,output/Bernard_Law_0003_result.jpg,True
21,Bernard_Law,3,4,dataset/lfw_funneled/Bernard_Law/Bernard_Law_0003.jpg,dataset/lfw_funneled/Bernard_Law/Bernard_Law_0004.jpg,True,output/Bernard_Law_0003_result.jpg,output/Bernard_Law_0004_result.jpg,True
22,Bertrand_Bonello,1,2,dataset/lfw_funneled/Bertrand_Bonello/Bertrand_Bonello_0001.jpg,dataset/lfw_funneled/Bertrand_Bonello/Bertrand_Bonello_0002.jpg,True,output/Bertrand_Bonello_0001_result.jpg,output/Bertrand_Bonello_0002_result.jpg,True
23,Bill_Frist,2,9,dataset/lfw_funneled/Bill_Frist/Bill_Frist_0002.jpg,dataset/lfw_funneled/Bill_Frist/Bill_Frist_0009.jpg,True,output/Bill_Frist_0002_result.jpg,output/Bill_Frist_0009_result.jpg,True
24,Bill_Frist,4,5,dataset/lfw_funneled/Bill_Frist/Bill_Frist_0004.jpg,dataset/lfw_funneled/Bill_Frist/Bill_Frist_0005.jpg,False,output/Bill_Frist_0004_result.jpg,output/Bill_Frist_0005_result.jpg,False
25,Bob_Graham,2,4,dataset/lfw_funneled/Bob_Graham/Bob_Graham_0002.jpg,dataset/lfw_funneled/Bob_Graham/Bob_Graham_0004.jpg,False,output/Bob_Graham_0002_result.jpg,output/Bob_Graham_0004_result.jpg,True
26,Bob_Graham,3,6,dataset/lfw_funneled/Bob_Graham/Bob_Graham_0003.jpg,dataset/lfw_funneled/Bob_Graham/Bob_Graham_0006.jpg,True,output/Bob_Graham_0003_result.jpg,output/Bob_Graham_0006_result.jpg,True
27,Bob_Graham,4,6,dataset/lfw_funneled/Bob_Graham/Bob_Graham_0004.jpg,dataset/lfw_funneled/Bob_Graham/Bob_Graham_0006.jpg,True,output/Bob_Graham_0004_result.jpg,output/Bob_Graham_0006_result.jpg,True
28,Bob_Graham,5,6,dataset/lfw_funneled/Bob_Graham/Bob_Graham_0005.jpg,dataset/lfw_funneled/Bob_Graham/Bob_Graham_0006.jpg,True,output/Bob_Graham_0005_result.jpg,output/Bob_Graham_0006_result.jpg,True
29,Boris_Becker,2,6,dataset/lfw_funneled/Boris_Becker/Boris_Becker_0002.jpg,dataset/lfw_funneled/Boris_Becker/Boris_Becker_0006.jpg,True,output/Boris_Becker_0002_result.jpg,output/Boris_Becker_0006_result.jpg,False
30,Brad_Johnson,1,3,dataset/lfw_funneled/Brad_Johnson/Brad_Johnson_0001.jpg,dataset/lfw_funneled/Brad_Johnson/Brad_Johnson_0003.jpg,True,output/Brad_Johnson_0001_result.jpg,output/Brad_Johnson_0003_result.jpg,True
31,Brad_Johnson,2,3,dataset/lfw_funneled/Brad_Johnson/Brad_Johnson_0002.jpg,dataset/lfw_funneled/Brad_Johnson/Brad_Johnson_0003.jpg,True,output/Brad_Johnson_0002_result.jpg,output/Brad_Johnson_0003_result.jpg,True
32,Brad_Johnson,2,4,dataset/lfw_funneled/Brad_Johnson/Brad_Johnson_0002.jpg,dataset/lfw_funneled/Brad_Johnson/Brad_Johnson_0004.jpg,False,output/Brad_Johnson_0002_result.jpg,output/Brad_Johnson_0004_result.jpg,False
33,Brian_Griese,1,2,dataset/lfw_funneled/Brian_Griese/Brian_Griese_0001.jpg,dataset/lfw_funneled/Brian_Griese/Brian_Griese_0002.jpg,True,output/Brian_Griese_0001_result.jpg,output/Brian_Griese_0002_result.jpg,True
34,Candice_Bergen,1,2,dataset/lfw_funneled/Candice_Bergen/Candice_Bergen_0001.jpg,dataset/lfw_funneled/Candice_Bergen/Candice_Bergen_0002.jpg,True,output/Candice_Bergen_0001_result.jpg,output/Candice_Bergen_0002_result.jpg,False
35,Candice_Bergen,2,3,dataset/lfw_funneled/Candice_Bergen/Candice_Bergen_0002.jpg,dataset/lfw_funneled/Candice_Bergen/Candice_Bergen_0003.jpg,True,output/Candice_Bergen_0002_result.jpg,output/Candice_Bergen_0003_result.jpg,True
36,Carla_Myers,1,2,dataset/lfw_funneled/Carla_Myers/Carla_Myers_0001.jpg,dataset/lfw_funneled/Carla_Myers/Carla_Myers_0002.jpg,True,output/Carla_Myers_0001_result.jpg,output/Carla_Myers_0002_result.jpg,True
37,Cathy_Freeman,1,2,dataset/lfw_funneled/Cathy_Freeman/Cathy_Freeman_0001.jpg,dataset/lfw_funneled/Cathy_Freeman/Cathy_Freeman_0002.jpg,False,output/Cathy_Freeman_0001_result.jpg,output/Cathy_Freeman_0002_result.jpg,False
38,Chang_Dae-whan,1,2,dataset/lfw_funneled/Chang_Dae-whan/Chang_Dae-whan_0001.jpg,dataset/lfw_funneled/Chang_Dae-whan/Chang_Dae-whan_0002.jpg,True,output/Chang_Dae-whan_0001_result.jpg,output/Chang_Dae-whan_0002_result.jpg,True
39,Charles_Grassley,1,2,dataset/lfw_funneled/Charles_Grassley/Charles_Grassley_0001.jpg,dataset/lfw_funneled/Charles_Grassley/Charles_Grassley_0002.jpg,False,output/Charles_Grassley_0001_result.jpg,output/Charles_Grassley_0002_result.jpg,False
40,Clare_Short,1,3,dataset/lfw_funneled/Clare_Short/Clare_Short_0001.jpg,dataset/lfw_funneled/Clare_Short/Clare_Short_0003.jpg,True,output/Clare_Short_0001_result.jpg,output/Clare_Short_0003_result.jpg,True
41,Clare_Short,1,4,dataset/lfw_funneled/Clare_Short/Clare_Short_0001.jpg,dataset/lfw_funneled/Clare_Short/Clare_Short_0004.jpg,True,output/Clare_Short_0001_result.jpg,output/Clare_Short_0004_result.jpg,True
42,Corinne_Coman,1,2,dataset/lfw_funneled/Corinne_Coman/Corinne_Coman_0001.jpg,dataset/lfw_funneled/Corinne_Coman/Corinne_Coman_0002.jpg,True,output/Corinne_Coman_0001_result.jpg,output/Corinne_Coman_0002_result.jpg,True
43,Dai_Bachtiar,1,2,dataset/lfw_funneled/Dai_Bachtiar/Dai_Bachtiar_0001.jpg,dataset/lfw_funneled/Dai_Bachtiar/Dai_Bachtiar_0002.jpg,True,output/Dai_Bachtiar_0001_result.jpg,output/Dai_Bachtiar_0002_result.jpg,True
44,Dale_Earnhardt_Jr,1,3,dataset/lfw_funneled/Dale_Earnhardt_Jr/Dale_Earnhardt_Jr_0001.jpg,dataset/lfw_funneled/Dale_Earnhardt_Jr/Dale_Earnhardt_Jr_0003.jpg,True,output/Dale_Earnhardt_Jr_0001_result.jpg,output/Dale_Earnhardt_Jr_0003_result.jpg,True
45,David_Caruso,1,2,dataset/lfw_funneled/David_Caruso/David_Caruso_0001.jpg,dataset/lfw_funneled/David_Caruso/David_Caruso_0002.jpg,True,output/David_Caruso_0001_result.jpg,output/David_Caruso_0002_result.jpg,True
46,Demi_Moore,1,3,dataset/lfw_funneled/Demi_Moore/Demi_Moore_0001.jpg,dataset/lfw_funneled/Demi_Moore/Demi_Moore_0003.jpg,True,output/Demi_Moore_0001_result.jpg,output/Demi_Moore_0003_result.jpg,True
47,Dick_Vermeil,1,2,dataset/lfw_funneled/Dick_Vermeil/Dick_Vermeil_0001.jpg,dataset/lfw_funneled/Dick_Vermeil/Dick_Vermeil_0002.jpg,True,output/Dick_Vermeil_0001_result.jpg,output/Dick_Vermeil_0002_result.jpg,True
48,Doris_Roberts,1,2,dataset/lfw_funneled/Doris_Roberts/Doris_Roberts_0001.jpg,dataset/lfw_funneled/Doris_Roberts/Doris_Roberts_0002.jpg,True,output/Doris_Roberts_0001_result.jpg,output/Doris_Roberts_0002_result.jpg,True
49,Doris_Roberts,1,3,dataset/lfw_funneled/Doris_Roberts/Doris_Roberts_0001.jpg,dataset/lfw_funneled/Doris_Roberts/Doris_Roberts_0003.jpg,True,output/Doris_Roberts_0001_result.jpg,output/Doris_Roberts_0003_result.jpg,True
50,Drew_Barrymore,1,2,dataset/lfw_funneled/Drew_Barrymore/Drew_Barrymore_0001.jpg,dataset/lfw_funneled/Drew_Barrymore/Drew_Barrymore_0002.jpg,True,output/Drew_Barrymore_0001_result.jpg,output/Drew_Barrymore_0002_result.jpg,True
51,Edmund_Stoiber,4,7,dataset/lfw_funneled/Edmund_Stoiber/Edmund_Stoiber_0004.jpg,dataset/lfw_funneled/Edmund_Stoiber/Edmund_Stoiber_0007.jpg,True,output/Edmund_Stoiber_0004_result.jpg,output/Edmund_Stoiber_0007_result.jpg,True
52,Edmund_Stoiber,5,7,dataset/lfw_funneled/Edmund_Stoiber/Edmund_Stoiber_0005.jpg,dataset/lfw_funneled/Edmund_Stoiber/Edmund_Stoiber_0007.jpg,False,output/Edmund_Stoiber_0005_result.jpg,output/Edmund_Stoiber_0007_result.jpg,False
53,Edmund_Stoiber,7,12,dataset/lfw_funneled/Edmund_Stoiber/Edmund_Stoiber_0007.jpg,dataset/lfw_funneled/Edmund_Stoiber/Edmund_Stoiber_0012.jpg,False,output/Edmund_Stoiber_0007_result.jpg,output/Edmund_Stoiber_0012_result.jpg,False
54,Edmund_Stoiber,9,11,dataset/lfw_funneled/Edmund_Stoiber/Edmund_Stoiber_0009.jpg,dataset/lfw_funneled/Edmund_Stoiber/Edmund_Stoiber_0011.jpg,True,output/Edmund_Stoiber_0009_result.jpg,output/Edmund_Stoiber_0011_result.jpg,True
55,Elinor_Caplan,1,2,dataset/lfw_funneled/Elinor_Caplan/Elinor_Caplan_0001.jpg,dataset/lfw_funneled/Elinor_Caplan/Elinor_Caplan_0002.jpg,True,output/Elinor_Caplan_0001_result.jpg,output/Elinor_Caplan_0002_result.jpg,True
56,Emmanuelle_Beart,1,2,dataset/lfw_funneled/Emmanuelle_Beart/Emmanuelle_Beart_0001.jpg,dataset/lfw_funneled/Emmanuelle_Beart/Emmanuelle_Beart_0002.jpg,True,output/Emmanuelle_Beart_0001_result.jpg,output/Emmanuelle_Beart_0002_result.jpg,True
57,Emmanuelle_Beart,1,3,dataset/lfw_funneled/Emmanuelle_Beart/Emmanuelle_Beart_0001.jpg,dataset/lfw_funneled/Emmanuelle_Beart/Emmanuelle_Beart_0003.jpg,True,output/Emmanuelle_Beart_0001_result.jpg,output/Emmanuelle_Beart_0003_result.jpg,True
58,Federico_Trillo,1,2,dataset/lfw_funneled/Federico_Trillo/Federico_Trillo_0001.jpg,dataset/lfw_funneled/Federico_Trillo/Federico_Trillo_0002.jpg,False,output/Federico_Trillo_0001_result.jpg,output/Federico_Trillo_0002_result.jpg,True
59,Federico_Trillo,1,3,dataset/lfw_funneled/Federico_Trillo/Federico_Trillo_0001.jpg,dataset/lfw_funneled/Federico_Trillo/Federico_Trillo_0003.jpg,False,output/Federico_Trillo_0001_result.jpg,output/Federico_Trillo_0003_result.jpg,False
60,Federico_Trillo,2,3,dataset/lfw_funneled/Federico_Trillo/Federico_Trillo_0002.jpg,dataset/lfw_funneled/Federico_Trillo/Federico_Trillo_0003.jpg,True,output/Federico_Trillo_0002_result.jpg,output/Federico_Trillo_0003_result.jpg,True
61,Francis_Ford_Coppola,1,2,dataset/lfw_funneled/Francis_Ford_Coppola/Francis_Ford_Coppola_0001.jpg,dataset/lfw_funneled/Francis_Ford_Coppola/Francis_Ford_Coppola_0002.jpg,True,output/Francis_Ford_Coppola_0001_result.jpg,output/Francis_Ford_Coppola_0002_result.jpg,True
62,Fred_Thompson,1,2,dataset/lfw_funneled/Fred_Thompson/Fred_Thompson_0001.jpg,dataset/lfw_funneled/Fred_Thompson/Fred_Thompson_0002.jpg,False,output/Fred_Thompson_0001_result.jpg,output/Fred_Thompson_0002_result.jpg,False
63,Fred_Thompson,1,3,dataset/lfw_funneled/Fred_Thompson/Fred_Thompson_0001.jpg,dataset/lfw_funneled/Fred_Thompson/Fred_Thompson_0003.jpg,False,output/Fred_Thompson_0001_result.jpg,output/Fred_Thompson_0003_result.jpg,False
64,Fred_Thompson,2,3,dataset/lfw_funneled/Fred_Thompson/Fred_Thompson_0002.jpg,dataset/lfw_funneled/Fred_Thompson/Fred_Thompson_0003.jpg,True,output/Fred_Thompson_0002_result.jpg,output/Fred_Thompson_0003_result.jpg,True
65,Garry_Trudeau,1,2,dataset/lfw_funneled/Garry_Trudeau/Garry_Trudeau_0001.jpg,dataset/lfw_funneled/Garry_Trudeau/Garry_Trudeau_0002.jpg,True,output/Garry_Trudeau_0001_result.jpg,output/Garry_Trudeau_0002_result.jpg,True
66,Gary_Williams,1,2,dataset/lfw_funneled/Gary_Williams/Gary_Williams_0001.jpg,dataset/lfw_funneled/Gary_Williams/Gary_Williams_0002.jpg,True,output/Gary_Williams_0001_result.jpg,output/Gary_Williams_0002_result.jpg,True
67,Gene_Robinson,1,2,dataset/lfw_funneled/Gene_Robinson/Gene_Robinson_0001.jpg,dataset/lfw_funneled/Gene_Robinson/Gene_Robinson_0002.jpg,True,output/Gene_Robinson_0001_result.jpg,output/Gene_Robinson_0002_result.jpg,True
68,Gene_Robinson,1,3,dataset/lfw_funneled/Gene_Robinson/Gene_Robinson_0001.jpg,dataset/lfw_funneled/Gene_Robinson/Gene_Robinson_0003.jpg,False,output/Gene_Robinson_0001_result.jpg,output/Gene_Robinson_0003_result.jpg,True
69,Gene_Robinson,2,3,dataset/lfw_funneled/Gene_Robinson/Gene_Robinson_0002.jpg,dataset/lfw_funneled/Gene_Robinson/Gene_Robinson_0003.jpg,False,output/Gene_Robinson_0002_result.jpg,output/Gene_Robinson_0003_result.jpg,True
70,George_Galloway,1,3,dataset/lfw_funneled/George_Galloway/George_Galloway_0001.jpg,dataset/lfw_funneled/George_Galloway/George_Galloway_0003.jpg,True,output/George_Galloway_0001_result.jpg,output/George_Galloway_0003_result.jpg,True
71,George_Galloway,2,3,dataset/lfw_funneled/George_Galloway/George_Galloway_0002.jpg,dataset/lfw_funneled/George_Galloway/George_Galloway_0003.jpg,True,output/George_Galloway_0002_result.jpg,output/George_Galloway_0003_result.jpg,True
72,George_Galloway,2,4,dataset/lfw_funneled/George_Galloway/George_Galloway_0002.jpg,dataset/lfw_funneled/George_Galloway/George_Galloway_0004.jpg,False,output/George_Galloway_0002_result.jpg,output/George_Galloway_0004_result.jpg,True
73,Geraldine_Chaplin,1,2,dataset/lfw_funneled/Geraldine_Chaplin/Geraldine_Chaplin_0001.jpg,dataset/lfw_funneled/Geraldine_Chaplin/Geraldine_Chaplin_0002.jpg,True,output/Geraldine_Chaplin_0001_result.jpg,output/Geraldine_Chaplin_0002_result.jpg,True
74,Geraldine_Chaplin,1,4,dataset/lfw_funneled/Geraldine_Chaplin/Geraldine_Chaplin_0001.jpg,dataset/lfw_funneled/Geraldine_Chaplin/Geraldine_Chaplin_0004.jpg,True,output/Geraldine_Chaplin_0001_result.jpg,output/Geraldine_Chaplin_0004_result.jpg,True
75,Geraldine_Chaplin,3,4,dataset/lfw_funneled/Geraldine_Chaplin/Geraldine_Chaplin_0003.jpg,dataset/lfw_funneled/Geraldine_Chaplin/Geraldine_Chaplin_0004.jpg,True,output/Geraldine_Chaplin_0003_result.jpg,output/Geraldine_Chaplin_0004_result.jpg,True
76,Gerardo_Gambala,1,2,dataset/lfw_funneled/Gerardo_Gambala/Gerardo_Gambala_0001.jpg,dataset/lfw_funneled/Gerardo_Gambala/Gerardo_Gambala_0002.jpg,True,output/Gerardo_Gambala_0001_result.jpg,output/Gerardo_Gambala_0002_result.jpg,True
77,Gian_Marco,1,2,dataset/lfw_funneled/Gian_Marco/Gian_Marco_0001.jpg,dataset/lfw_funneled/Gian_Marco/Gian_Marco_0002.jpg,True,output/Gian_Marco_0001_result.jpg,output/Gian_Marco_0002_result.jpg,True
78,Gian_Marco,2,3,dataset/lfw_funneled/Gian_Marco/Gian_Marco_0002.jpg,dataset/lfw_funneled/Gian_Marco/Gian_Marco_0003.jpg,False,output/Gian_Marco_0002_result.jpg,output/Gian_Marco_0003_result.jpg,False
79,Gillian_Anderson,1,2,dataset/lfw_funneled/Gillian_Anderson/Gillian_Anderson_0001.jpg,dataset/lfw_funneled/Gillian_Anderson/Gillian_Anderson_0002.jpg,False,output/Gillian_Anderson_0001_result.jpg,output/Gillian_Anderson_0002_result.jpg,False
80,Gordon_Brown,6,9,dataset/lfw_funneled/Gordon_Brown/Gordon_Brown_0006.jpg,dataset/lfw_funneled/Gordon_Brown/Gordon_Brown_0009.jpg,True,output/Gordon_Brown_0006_result.jpg,output/Gordon_Brown_0009_result.jpg,True
81,Gordon_Brown,10,13,dataset/lfw_funneled/Gordon_Brown/Gordon_Brown_0010.jpg,dataset/lfw_funneled/Gordon_Brown/Gordon_Brown_0013.jpg,True,output/Gordon_Brown_0010_result.jpg,output/Gordon_Brown_0013_result.jpg,True
82,Grant_Hackett,1,2,dataset/lfw_funneled/Grant_Hackett/Grant_Hackett_0001.jpg,dataset/lfw_funneled/Grant_Hackett/Grant_Hackett_0002.jpg,True,output/Grant_Hackett_0001_result.jpg,output/Grant_Hackett_0002_result.jpg,True
83,Grant_Hackett,1,3,dataset/lfw_funneled/Grant_Hackett/Grant_Hackett_0001.jpg,dataset/lfw_funneled/Grant_Hackett/Grant_Hackett_0003.jpg,True,output/Grant_Hackett_0001_result.jpg,output/Grant_Hackett_0003_result.jpg,True
84,Grant_Hackett,1,5,dataset/lfw_funneled/Grant_Hackett/Grant_Hackett_0001.jpg,dataset/lfw_funneled/Grant_Hackett/Grant_Hackett_0005.jpg,True,output/Grant_Hackett_0001_result.jpg,output/Grant_Hackett_0005_result.jpg,True
85,Gray_Davis,7,22,dataset/lfw_funneled/Gray_Davis/Gray_Davis_0007.jpg,dataset/lfw_funneled/Gray_Davis/Gray_Davis_0022.jpg,True,output/Gray_Davis_0007_result.jpg,output/Gray_Davis_0022_result.jpg,False
86,Gray_Davis,21,26,dataset/lfw_funneled/Gray_Davis/Gray_Davis_0021.jpg,dataset/lfw_funneled/Gray_Davis/Gray_Davis_0026.jpg,True,output/Gray_Davis_0021_result.jpg,output/Gray_Davis_0026_result.jpg,True
87,Gregg_Popovich,1,5,dataset/lfw_funneled/Gregg_Popovich/Gregg_Popovich_0001.jpg,dataset/lfw_funneled/Gregg_Popovich/Gregg_Popovich_0005.jpg,True,output/Gregg_Popovich_0001_result.jpg,output/Gregg_Popovich_0005_result.jpg,True
88,Gregg_Popovich,3,4,dataset/lfw_funneled/Gregg_Popovich/Gregg_Popovich_0003.jpg,dataset/lfw_funneled/Gregg_Popovich/Gregg_Popovich_0004.jpg,True,output/Gregg_Popovich_0003_result.jpg,output/Gregg_Popovich_0004_result.jpg,True
89,Guy_Ritchie,1,2,dataset/lfw_funneled/Guy_Ritchie/Guy_Ritchie_0001.jpg,dataset/lfw_funneled/Guy_Ritchie/Guy_Ritchie_0002.jpg,True,output/Guy_Ritchie_0001_result.jpg,output/Guy_Ritchie_0002_result.jpg,True
90,Hamzah_Haz,1,2,dataset/lfw_funneled/Hamzah_Haz/Hamzah_Haz_0001.jpg,dataset/lfw_funneled/Hamzah_Haz/Hamzah_Haz_0002.jpg,True,output/Hamzah_Haz_0001_result.jpg,output/Hamzah_Haz_0002_result.jpg,True
91,Harbhajan_Singh,1,2,dataset/lfw_funneled/Harbhajan_Singh/Harbhajan_Singh_0001.jpg,dataset/lfw_funneled/Harbhajan_Singh/Harbhajan_Singh_0002.jpg,True,output/Harbhajan_Singh_0001_result.jpg,output/Harbhajan_Singh_0002_result.jpg,True
92,Hootie_Johnson,1,2,dataset/lfw_funneled/Hootie_Johnson/Hootie_Johnson_0001.jpg,dataset/lfw_funneled/Hootie_Johnson/Hootie_Johnson_0002.jpg,False,output/Hootie_Johnson_0001_result.jpg,output/Hootie_Johnson_0002_result.jpg,False
93,Hugo_Chavez,2,27,dataset/lfw_funneled/Hugo_Chavez/Hugo_Chavez_0002.jpg,dataset/lfw_funneled/Hugo_Chavez/Hugo_Chavez_0027.jpg,True,output/Hugo_Chavez_0002_result.jpg,output/Hugo_Chavez_0027_result.jpg,True
94,Hugo_Chavez,27,53,dataset/lfw_funneled/Hugo_Chavez/Hugo_Chavez_0027.jpg,dataset/lfw_funneled/Hugo_Chavez/Hugo_Chavez_0053.jpg,True,output/Hugo_Chavez_0027_result.jpg,output/Hugo_Chavez_0053_result.jpg,True
95,Hugo_Chavez,36,51,dataset/lfw_funneled/Hugo_Chavez/Hugo_Chavez_0036.jpg,dataset/lfw_funneled/Hugo_Chavez/Hugo_Chavez_0051.jpg,True,output/Hugo_Chavez_0036_result.jpg,output/Hugo_Chavez_0051_result.jpg,True
96,Hugo_Chavez,41,50,dataset/lfw_funneled/Hugo_Chavez/Hugo_Chavez_0041.jpg,dataset/lfw_funneled/Hugo_Chavez/Hugo_Chavez_0050.jpg,True,output/Hugo_Chavez_0041_result.jpg,output/Hugo_Chavez_0050_result.jpg,True
97,Hugo_Chavez,45,56,dataset/lfw_funneled/Hugo_Chavez/Hugo_Chavez_0045.jpg,dataset/lfw_funneled/Hugo_Chavez/Hugo_Chavez_0056.jpg,True,output/Hugo_Chavez_0045_result.jpg,output/Hugo_Chavez_0056_result.jpg,True
98,Isaiah_Washington,1,2,dataset/lfw_funneled/Isaiah_Washington/Isaiah_Washington_0001.jpg,dataset/lfw_funneled/Isaiah_Washington/Isaiah_Washington_0002.jpg,True,output/Isaiah_Washington_0001_result.jpg,output/Isaiah_Washington_0002_result.jpg,False
99,Jack_Grubman,1,2,dataset/lfw_funneled/Jack_Grubman/Jack_Grubman_0001.jpg,dataset/lfw_funneled/Jack_Grubman/Jack_Grubman_0002.jpg,True,output/Jack_Grubman_0001_result.jpg,output/Jack_Grubman_0002_result.jpg,True
100,Jacques_Rogge,1,9,dataset/lfw_funneled/Jacques_Rogge/Jacques_Rogge_0001.jpg,dataset/lfw_funneled/Jacques_Rogge/Jacques_Rogge_0009.jpg,True,output/Jacques_Rogge_0001_result.jpg,output/Jacques_Rogge_0009_result.jpg,True
101,Jacques_Rogge,3,7,dataset/lfw_funneled/Jacques_Rogge/Jacques_Rogge_0003.jpg,dataset/lfw_funneled/Jacques_Rogge/Jacques_Rogge_0007.jpg,True,output/Jacques_Rogge_0003_result.jpg,output/Jacques_Rogge_0007_result.jpg,True
102,Jacques_Rogge,3,10,dataset/lfw_funneled/Jacques_Rogge/Jacques_Rogge_0003.jpg,dataset/lfw_funneled/Jacques_Rogge/Jacques_Rogge_0010.jpg,True,output/Jacques_Rogge_0003_result.jpg,output/Jacques_Rogge_0010_result.jpg,True
103,Jacques_Rogge,4,6,dataset/lfw_funneled/Jacques_Rogge/Jacques_Rogge_0004.jpg,dataset/lfw_funneled/Jacques_Rogge/Jacques_Rogge_0006.jpg,True,output/Jacques_Rogge_0004_result.jpg,output/Jacques_Rogge_0006_result.jpg,True
104,Jacques_Rogge,4,9,dataset/lfw_funneled/Jacques_Rogge/Jacques_Rogge_0004.jpg,dataset/lfw_funneled/Jacques_Rogge/Jacques_Rogge_0009.jpg,True,output/Jacques_Rogge_0004_result.jpg,output/Jacques_Rogge_0009_result.jpg,True
105,Jacques_Rogge,5,8,dataset/lfw_funneled/Jacques_Rogge/Jacques_Rogge_0005.jpg,dataset/lfw_funneled/Jacques_Rogge/Jacques_Rogge_0008.jpg,True,output/Jacques_Rogge_0005_result.jpg,output/Jacques_Rogge_0008_result.jpg,True
106,Jacques_Rogge,6,8,dataset/lfw_funneled/Jacques_Rogge/Jacques_Rogge_0006.jpg,dataset/lfw_funneled/Jacques_Rogge/Jacques_Rogge_0008.jpg,True,output/Jacques_Rogge_0006_result.jpg,output/Jacques_Rogge_0008_result.jpg,True
107,James_Caan,1,2,dataset/lfw_funneled/James_Caan/James_Caan_0001.jpg,dataset/lfw_funneled/James_Caan/James_Caan_0002.jpg,True,output/James_Caan_0001_result.jpg,output/James_Caan_0002_result.jpg,True
108,James_Caan,1,3,dataset/lfw_funneled/James_Caan/James_Caan_0001.jpg,dataset/lfw_funneled/James_Caan/James_Caan_0003.jpg,True,output/James_Caan_0001_result.jpg,output/James_Caan_0003_result.jpg,True
109,James_Caan,2,3,dataset/lfw_funneled/James_Caan/James_Caan_0002.jpg,dataset/lfw_funneled/James_Caan/James_Caan_0003.jpg,True,output/James_Caan_0002_result.jpg,output/James_Caan_0003_result.jpg,True
110,James_Jones,1,2,dataset/lfw_funneled/James_Jones/James_Jones_0001.jpg,dataset/lfw_funneled/James_Jones/James_Jones_0002.jpg,True,output/James_Jones_0001_result.jpg,output/James_Jones_0002_result.jpg,True
111,Jamling_Norgay,1,2,dataset/lfw_funneled/Jamling_Norgay/Jamling_Norgay_0001.jpg,dataset/lfw_funneled/Jamling_Norgay/Jamling_Norgay_0002.jpg,True,output/Jamling_Norgay_0001_result.jpg,output/Jamling_Norgay_0002_result.jpg,True
112,Janica_Kostelic,1,2,dataset/lfw_funneled/Janica_Kostelic/Janica_Kostelic_0001.jpg,dataset/lfw_funneled/Janica_Kostelic/Janica_Kostelic_0002.jpg,True,output/Janica_Kostelic_0001_result.jpg,output/Janica_Kostelic_0002_result.jpg,True
113,Jeanne_Moreau,1,2,dataset/lfw_funneled/Jeanne_Moreau/Jeanne_Moreau_0001.jpg,dataset/lfw_funneled/Jeanne_Moreau/Jeanne_Moreau_0002.jpg,True,output/Jeanne_Moreau_0001_result.jpg,output/Jeanne_Moreau_0002_result.jpg,True
114,Jeffrey_Archer,1,2,dataset/lfw_funneled/Jeffrey_Archer/Jeffrey_Archer_0001.jpg,dataset/lfw_funneled/Jeffrey_Archer/Jeffrey_Archer_0002.jpg,True,output/Jeffrey_Archer_0001_result.jpg,output/Jeffrey_Archer_0002_result.jpg,True
115,Jennifer_Garner,1,3,dataset/lfw_funneled/Jennifer_Garner/Jennifer_Garner_0001.jpg,dataset/lfw_funneled/Jennifer_Garner/Jennifer_Garner_0003.jpg,False,output/Jennifer_Garner_0001_result.jpg,output/Jennifer_Garner_0003_result.jpg,True
116,Jennifer_Garner,4,9,dataset/lfw_funneled/Jennifer_Garner/Jennifer_Garner_0004.jpg,dataset/lfw_funneled/Jennifer_Garner/Jennifer_Garner_0009.jpg,True,output/Jennifer_Garner_0004_result.jpg,output/Jennifer_Garner_0009_result.jpg,True
117,Jennifer_Garner,5,6,dataset/lfw_funneled/Jennifer_Garner/Jennifer_Garner_0005.jpg,dataset/lfw_funneled/Jennifer_Garner/Jennifer_Garner_0006.jpg,False,output/Jennifer_Garner_0005_result.jpg,output/Jennifer_Garner_0006_result.jpg,False
118,Jennifer_Garner,5,9,dataset/lfw_funneled/Jennifer_Garner/Jennifer_Garner_0005.jpg,dataset/lfw_funneled/Jennifer_Garner/Jennifer_Garner_0009.jpg,True,output/Jennifer_Garner_0005_result.jpg,output/Jennifer_Garner_0009_result.jpg,True
119,Jennifer_Garner,7,12,dataset/lfw_funneled/Jennifer_Garner/Jennifer_Garner_0007.jpg,dataset/lfw_funneled/Jennifer_Garner/Jennifer_Garner_0012.jpg,True,output/Jennifer_Garner_0007_result.jpg,output/Jennifer_Garner_0012_result.jpg,True
120,Jennifer_Garner,8,11,dataset/lfw_funneled/Jennifer_Garner/Jennifer_Garner_0008.jpg,dataset/lfw_funneled/Jennifer_Garner/Jennifer_Garner_0011.jpg,True,output/Jennifer_Garner_0008_result.jpg,output/Jennifer_Garner_0011_result.jpg,True
121,Jeremy_Greenstock,2,24,dataset/lfw_funneled/Jeremy_Greenstock/Jeremy_Greenstock_0002.jpg,dataset/lfw_funneled/Jeremy_Greenstock/Jeremy_Greenstock_0024.jpg,True,output/Jeremy_Greenstock_0002_result.jpg,output/Jeremy_Greenstock_0024_result.jpg,True
122,Jeremy_Greenstock,3,22,dataset/lfw_funneled/Jeremy_Greenstock/Jeremy_Greenstock_0003.jpg,dataset/lfw_funneled/Jeremy_Greenstock/Jeremy_Greenstock_0022.jpg,True,output/Jeremy_Greenstock_0003_result.jpg,output/Jeremy_Greenstock_0022_result.jpg,True
123,Jeremy_Greenstock,5,11,dataset/lfw_funneled/Jeremy_Greenstock/Jeremy_Greenstock_0005.jpg,dataset/lfw_funneled/Jeremy_Greenstock/Jeremy_Greenstock_0011.jpg,True,output/Jeremy_Greenstock_0005_result.jpg,output/Jeremy_Greenstock_0011_result.jpg,True
124,Jeremy_Greenstock,10,14,dataset/lfw_funneled/Jeremy_Greenstock/Jeremy_Greenstock_0010.jpg,dataset/lfw_funneled/Jeremy_Greenstock/Jeremy_Greenstock_0014.jpg,True,output/Jeremy_Greenstock_0010_result.jpg,output/Jeremy_Greenstock_0014_result.jpg,True
125,Jeremy_Greenstock,17,21,dataset/lfw_funneled/Jeremy_Greenstock/Jeremy_Greenstock_0017.jpg,dataset/lfw_funneled/Jeremy_Greenstock/Jeremy_Greenstock_0021.jpg,True,output/Jeremy_Greenstock_0017_result.jpg,output/Jeremy_Greenstock_0021_result.jpg,True
126,Jessica_Lange,1,2,dataset/lfw_funneled/Jessica_Lange/Jessica_Lange_0001.jpg,dataset/lfw_funneled/Jessica_Lange/Jessica_Lange_0002.jpg,False,output/Jessica_Lange_0001_result.jpg,output/Jessica_Lange_0002_result.jpg,False
127,Jimmy_Carter,1,7,dataset/lfw_funneled/Jimmy_Carter/Jimmy_Carter_0001.jpg,dataset/lfw_funneled/Jimmy_Carter/Jimmy_Carter_0007.jpg,True,output/Jimmy_Carter_0001_result.jpg,output/Jimmy_Carter_0007_result.jpg,True
128,Jimmy_Carter,4,6,dataset/lfw_funneled/Jimmy_Carter/Jimmy_Carter_0004.jpg,dataset/lfw_funneled/Jimmy_Carter/Jimmy_Carter_0006.jpg,True,output/Jimmy_Carter_0004_result.jpg,output/Jimmy_Carter_0006_result.jpg,True
129,Jimmy_Carter,5,8,dataset/lfw_funneled/Jimmy_Carter/Jimmy_Carter_0005.jpg,dataset/lfw_funneled/Jimmy_Carter/Jimmy_Carter_0008.jpg,True,output/Jimmy_Carter_0005_result.jpg,output/Jimmy_Carter_0008_result.jpg,True
130,Jimmy_Carter,6,7,dataset/lfw_funneled/Jimmy_Carter/Jimmy_Carter_0006.jpg,dataset/lfw_funneled/Jimmy_Carter/Jimmy_Carter_0007.jpg,True,output/Jimmy_Carter_0006_result.jpg,output/Jimmy_Carter_0007_result.jpg,True
131,Jodie_Foster,1,2,dataset/lfw_funneled/Jodie_Foster/Jodie_Foster_0001.jpg,dataset/lfw_funneled/Jodie_Foster/Jodie_Foster_0002.jpg,False,output/Jodie_Foster_0001_result.jpg,output/Jodie_Foster_0002_result.jpg,False
132,John_Manley,1,6,dataset/lfw_funneled/John_Manley/John_Manley_0001.jpg,dataset/lfw_funneled/John_Manley/John_Manley_0006.jpg,False,output/John_Manley_0001_result.jpg,output/John_Manley_0006_result.jpg,True
133,John_Manley,2,5,dataset/lfw_funneled/John_Manley/John_Manley_0002.jpg,dataset/lfw_funneled/John_Manley/John_Manley_0005.jpg,True,output/John_Manley_0002_result.jpg,output/John_Manley_0005_result.jpg,True
134,John_McCain,2,3,dataset/lfw_funneled/John_McCain/John_McCain_0002.jpg,dataset/lfw_funneled/John_McCain/John_McCain_0003.jpg,True,output/John_McCain_0002_result.jpg,output/John_McCain_0003_result.jpg,True
135,John_McCain,3,7,dataset/lfw_funneled/John_McCain/John_McCain_0003.jpg,dataset/lfw_funneled/John_McCain/John_McCain_0007.jpg,True,output/John_McCain_0003_result.jpg,output/John_McCain_0007_result.jpg,True
136,John_McCain,6,7,dataset/lfw_funneled/John_McCain/John_McCain_0006.jpg,dataset/lfw_funneled/John_McCain/John_McCain_0007.jpg,False,output/John_McCain_0006_result.jpg,output/John_McCain_0007_result.jpg,False
137,John_Snow,3,15,dataset/lfw_funneled/John_Snow/John_Snow_0003.jpg,dataset/lfw_funneled/John_Snow/John_Snow_0015.jpg,True,output/John_Snow_0003_result.jpg,output/John_Snow_0015_result.jpg,True
138,John_Snow,4,16,dataset/lfw_funneled/John_Snow/John_Snow_0004.jpg,dataset/lfw_funneled/John_Snow/John_Snow_0016.jpg,False,output/John_Snow_0004_result.jpg,output/John_Snow_0016_result.jpg,False
139,John_Snow,9,11,dataset/lfw_funneled/John_Snow/John_Snow_0009.jpg,dataset/lfw_funneled/John_Snow/John_Snow_0011.jpg,True,output/John_Snow_0009_result.jpg,output/John_Snow_0011_result.jpg,True
140,Johnson_Panjaitan,1,2,dataset/lfw_funneled/Johnson_Panjaitan/Johnson_Panjaitan_0001.jpg,dataset/lfw_funneled/Johnson_Panjaitan/Johnson_Panjaitan_0002.jpg,True,output/Johnson_Panjaitan_0001_result.jpg,output/Johnson_Panjaitan_0002_result.jpg,True
141,Jorge_Castaneda,1,2,dataset/lfw_funneled/Jorge_Castaneda/Jorge_Castaneda_0001.jpg,dataset/lfw_funneled/Jorge_Castaneda/Jorge_Castaneda_0002.jpg,True,output/Jorge_Castaneda_0001_result.jpg,output/Jorge_Castaneda_0002_result.jpg,True
142,Jose_Serra,1,9,dataset/lfw_funneled/Jose_Serra/Jose_Serra_0001.jpg,dataset/lfw_funneled/Jose_Serra/Jose_Serra_0009.jpg,True,output/Jose_Serra_0001_result.jpg,output/Jose_Serra_0009_result.jpg,True
143,Jose_Serra,2,8,dataset/lfw_funneled/Jose_Serra/Jose_Serra_0002.jpg,dataset/lfw_funneled/Jose_Serra/Jose_Serra_0008.jpg,True,output/Jose_Serra_0002_result.jpg,output/Jose_Serra_0008_result.jpg,True
144,Jose_Serra,3,5,dataset/lfw_funneled/Jose_Serra/Jose_Serra_0003.jpg,dataset/lfw_funneled/Jose_Serra/Jose_Serra_0005.jpg,True,output/Jose_Serra_0003_result.jpg,output/Jose_Serra_0005_result.jpg,True
145,Jose_Serra,3,7,dataset/lfw_funneled/Jose_Serra/Jose_Serra_0003.jpg,dataset/lfw_funneled/Jose_Serra/Jose_Serra_0007.jpg,True,output/Jose_Serra_0003_result.jpg,output/Jose_Serra_0007_result.jpg,True
146,Jose_Serra,6,9,dataset/lfw_funneled/Jose_Serra/Jose_Serra_0006.jpg,dataset/lfw_funneled/Jose_Serra/Jose_Serra_0009.jpg,True,output/Jose_Serra_0006_result.jpg,output/Jose_Serra_0009_result.jpg,True
147,Jose_Theodore,1,2,dataset/lfw_funneled/Jose_Theodore/Jose_Theodore_0001.jpg,dataset/lfw_funneled/Jose_Theodore/Jose_Theodore_0002.jpg,True,output/Jose_Theodore_0001_result.jpg,output/Jose_Theodore_0002_result.jpg,True
148,Joseph_Blatter,1,2,dataset/lfw_funneled/Joseph_Blatter/Joseph_Blatter_0001.jpg,dataset/lfw_funneled/Joseph_Blatter/Joseph_Blatter_0002.jpg,True,output/Joseph_Blatter_0001_result.jpg,output/Joseph_Blatter_0002_result.jpg,True
149,Joseph_Ralston,1,2,dataset/lfw_funneled/Joseph_Ralston/Joseph_Ralston_0001.jpg,dataset/lfw_funneled/Joseph_Ralston/Joseph_Ralston_0002.jpg,True,output/Joseph_Ralston_0001_result.jpg,output/Joseph_Ralston_0002_result.jpg,True
150,Juan_Pablo_Montoya,1,8,dataset/lfw_funneled/Juan_Pablo_Montoya/Juan_Pablo_Montoya_0001.jpg,dataset/lfw_funneled/Juan_Pablo_Montoya/Juan_Pablo_Montoya_0008.jpg,True,output/Juan_Pablo_Montoya_0001_result.jpg,output/Juan_Pablo_Montoya_0008_result.jpg,True
151,Juan_Pablo_Montoya,2,4,dataset/lfw_funneled/Juan_Pablo_Montoya/Juan_Pablo_Montoya_0002.jpg,dataset/lfw_funneled/Juan_Pablo_Montoya/Juan_Pablo_Montoya_0004.jpg,True,output/Juan_Pablo_Montoya_0002_result.jpg,output/Juan_Pablo_Montoya_0004_result.jpg,True
152,Juan_Pablo_Montoya,4,5,dataset/lfw_funneled/Juan_Pablo_Montoya/Juan_Pablo_Montoya_0004.jpg,dataset/lfw_funneled/Juan_Pablo_Montoya/Juan_Pablo_Montoya_0005.jpg,True,output/Juan_Pablo_Montoya_0004_result.jpg,output/Juan_Pablo_Montoya_0005_result.jpg,True
153,Julianna_Margulies,1,2,dataset/lfw_funneled/Julianna_Margulies/Julianna_Margulies_0001.jpg,dataset/lfw_funneled/Julianna_Margulies/Julianna_Margulies_0002.jpg,True,output/Julianna_Margulies_0001_result.jpg,output/Julianna_Margulies_0002_result.jpg,True
154,Justin_Guarini,1,2,dataset/lfw_funneled/Justin_Guarini/Justin_Guarini_0001.jpg,dataset/lfw_funneled/Justin_Guarini/Justin_Guarini_0002.jpg,True,output/Justin_Guarini_0001_result.jpg,output/Justin_Guarini_0002_result.jpg,True
155,Justin_Guarini,2,3,dataset/lfw_funneled/Justin_Guarini/Justin_Guarini_0002.jpg,dataset/lfw_funneled/Justin_Guarini/Justin_Guarini_0003.jpg,True,output/Justin_Guarini_0002_result.jpg,output/Justin_Guarini_0003_result.jpg,True
156,Justine_Henin,2,3,dataset/lfw_funneled/Justine_Henin/Justine_Henin_0002.jpg,dataset/lfw_funneled/Justine_Henin/Justine_Henin_0003.jpg,True,output/Justine_Henin_0002_result.jpg,output/Justine_Henin_0003_result.jpg,True
157,Kate_Winslet,1,2,dataset/lfw_funneled/Kate_Winslet/Kate_Winslet_0001.jpg,dataset/lfw_funneled/Kate_Winslet/Kate_Winslet_0002.jpg,True,output/Kate_Winslet_0001_result.jpg,output/Kate_Winslet_0002_result.jpg,True
158,Kate_Winslet,1,4,dataset/lfw_funneled/Kate_Winslet/Kate_Winslet_0001.jpg,dataset/lfw_funneled/Kate_Winslet/Kate_Winslet_0004.jpg,True,output/Kate_Winslet_0001_result.jpg,output/Kate_Winslet_0004_result.jpg,True
159,Kate_Winslet,2,3,dataset/lfw_funneled/Kate_Winslet/Kate_Winslet_0002.jpg,dataset/lfw_funneled/Kate_Winslet/Kate_Winslet_0003.jpg,True,output/Kate_Winslet_0002_result.jpg,output/Kate_Winslet_0003_result.jpg,True
160,Kate_Winslet,2,4,dataset/lfw_funneled/Kate_Winslet/Kate_Winslet_0002.jpg,dataset/lfw_funneled/Kate_Winslet/Kate_Winslet_0004.jpg,False,output/Kate_Winslet_0002_result.jpg,output/Kate_Winslet_0004_result.jpg,False
161,Kathy_Winters,1,2,dataset/lfw_funneled/Kathy_Winters/Kathy_Winters_0001.jpg,dataset/lfw_funneled/Kathy_Winters/Kathy_Winters_0002.jpg,True,output/Kathy_Winters_0001_result.jpg,output/Kathy_Winters_0002_result.jpg,True
162,Kelvin_Sampson,1,2,dataset/lfw_funneled/Kelvin_Sampson/Kelvin_Sampson_0001.jpg,dataset/lfw_funneled/Kelvin_Sampson/Kelvin_Sampson_0002.jpg,False,output/Kelvin_Sampson_0001_result.jpg,output/Kelvin_Sampson_0002_result.jpg,True
163,Kevin_Stallings,1,2,dataset/lfw_funneled/Kevin_Stallings/Kevin_Stallings_0001.jpg,dataset/lfw_funneled/Kevin_Stallings/Kevin_Stallings_0002.jpg,False,output/Kevin_Stallings_0001_result.jpg,output/Kevin_Stallings_0002_result.jpg,False
164,Kim_Jong-Il,2,3,dataset/lfw_funneled/Kim_Jong-Il/Kim_Jong-Il_0002.jpg,dataset/lfw_funneled/Kim_Jong-Il/Kim_Jong-Il_0003.jpg,True,output/Kim_Jong-Il_0002_result.jpg,output/Kim_Jong-Il_0003_result.jpg,True
165,Kristin_Davis,1,2,dataset/lfw_funneled/Kristin_Davis/Kristin_Davis_0001.jpg,dataset/lfw_funneled/Kristin_Davis/Kristin_Davis_0002.jpg,True,output/Kristin_Davis_0001_result.jpg,output/Kristin_Davis_0002_result.jpg,True
166,Kristin_Davis,2,3,dataset/lfw_funneled/Kristin_Davis/Kristin_Davis_0002.jpg,dataset/lfw_funneled/Kristin_Davis/Kristin_Davis_0003.jpg,True,output/Kristin_Davis_0002_result.jpg,output/Kristin_Davis_0003_result.jpg,True
167,Lance_Armstrong,1,17,dataset/lfw_funneled/Lance_Armstrong/Lance_Armstrong_0001.jpg,dataset/lfw_funneled/Lance_Armstrong/Lance_Armstrong_0017.jpg,False,output/Lance_Armstrong_0001_result.jpg,output/Lance_Armstrong_0017_result.jpg,False
168,Lance_Armstrong,5,10,dataset/lfw_funneled/Lance_Armstrong/Lance_Armstrong_0005.jpg,dataset/lfw_funneled/Lance_Armstrong/Lance_Armstrong_0010.jpg,False,output/Lance_Armstrong_0005_result.jpg,output/Lance_Armstrong_0010_result.jpg,True
169,Lance_Armstrong,7,11,dataset/lfw_funneled/Lance_Armstrong/Lance_Armstrong_0007.jpg,dataset/lfw_funneled/Lance_Armstrong/Lance_Armstrong_0011.jpg,False,output/Lance_Armstrong_0007_result.jpg,output/Lance_Armstrong_0011_result.jpg,False
170,Lance_Armstrong,10,18,dataset/lfw_funneled/Lance_Armstrong/Lance_Armstrong_0010.jpg,dataset/lfw_funneled/Lance_Armstrong/Lance_Armstrong_0018.jpg,False,output/Lance_Armstrong_0010_result.jpg,output/Lance_Armstrong_0018_result.jpg,False
171,Lance_Armstrong,14,17,dataset/lfw_funneled/Lance_Armstrong/Lance_Armstrong_0014.jpg,dataset/lfw_funneled/Lance_Armstrong/Lance_Armstrong_0017.jpg,False,output/Lance_Armstrong_0014_result.jpg,output/Lance_Armstrong_0017_result.jpg,False
172,Laurent_Jalabert,1,2,dataset/lfw_funneled/Laurent_Jalabert/Laurent_Jalabert_0001.jpg,dataset/lfw_funneled/Laurent_Jalabert/Laurent_Jalabert_0002.jpg,False,output/Laurent_Jalabert_0001_result.jpg,output/Laurent_Jalabert_0002_result.jpg,True
173,Lindsey_Graham,1,2,dataset/lfw_funneled/Lindsey_Graham/Lindsey_Graham_0001.jpg,dataset/lfw_funneled/Lindsey_Graham/Lindsey_Graham_0002.jpg,True,output/Lindsey_Graham_0001_result.jpg,output/Lindsey_Graham_0002_result.jpg,True
174,Lisa_Gottsegen,1,2,dataset/lfw_funneled/Lisa_Gottsegen/Lisa_Gottsegen_0001.jpg,dataset/lfw_funneled/Lisa_Gottsegen/Lisa_Gottsegen_0002.jpg,True,output/Lisa_Gottsegen_0001_result.jpg,output/Lisa_Gottsegen_0002_result.jpg,True
175,Lleyton_Hewitt,1,13,dataset/lfw_funneled/Lleyton_Hewitt/Lleyton_Hewitt_0001.jpg,dataset/lfw_funneled/Lleyton_Hewitt/Lleyton_Hewitt_0013.jpg,True,output/Lleyton_Hewitt_0001_result.jpg,output/Lleyton_Hewitt_0013_result.jpg,True
176,Lleyton_Hewitt,16,27,dataset/lfw_funneled/Lleyton_Hewitt/Lleyton_Hewitt_0016.jpg,dataset/lfw_funneled/Lleyton_Hewitt/Lleyton_Hewitt_0027.jpg,True,output/Lleyton_Hewitt_0016_result.jpg,output/Lleyton_Hewitt_0027_result.jpg,True
177,Lleyton_Hewitt,18,37,dataset/lfw_funneled/Lleyton_Hewitt/Lleyton_Hewitt_0018.jpg,dataset/lfw_funneled/Lleyton_Hewitt/Lleyton_Hewitt_0037.jpg,True,output/Lleyton_Hewitt_0018_result.jpg,output/Lleyton_Hewitt_0037_result.jpg,True
178,Lleyton_Hewitt,24,36,dataset/lfw_funneled/Lleyton_Hewitt/Lleyton_Hewitt_0024.jpg,dataset/lfw_funneled/Lleyton_Hewitt/Lleyton_Hewitt_0036.jpg,True,output/Lleyton_Hewitt_0024_result.jpg,output/Lleyton_Hewitt_0036_result.jpg,True
179,Luis_Ernesto_Derbez_Bautista,3,6,dataset/lfw_funneled/Luis_Ernesto_Derbez_Bautista/Luis_Ernesto_Derbez_Bautista_0003.jpg,dataset/lfw_funneled/Luis_Ernesto_Derbez_Bautista/Luis_Ernesto_Derbez_Bautista_0006.jpg,True,output/Luis_Ernesto_Derbez_Bautista_0003_result.jpg,output/Luis_Ernesto_Derbez_Bautista_0006_result.jpg,True
180,Mario_Dumont,1,2,dataset/lfw_funneled/Mario_Dumont/Mario_Dumont_0001.jpg,dataset/lfw_funneled/Mario_Dumont/Mario_Dumont_0002.jpg,False,output/Mario_Dumont_0001_result.jpg,output/Mario_Dumont_0002_result.jpg,False
181,Mark_Wahlberg,1,3,dataset/lfw_funneled/Mark_Wahlberg/Mark_Wahlberg_0001.jpg,dataset/lfw_funneled/Mark_Wahlberg/Mark_Wahlberg_0003.jpg,True,output/Mark_Wahlberg_0001_result.jpg,output/Mark_Wahlberg_0003_result.jpg,True
182,Mark_Wahlberg,2,3,dataset/lfw_funneled/Mark_Wahlberg/Mark_Wahlberg_0002.jpg,dataset/lfw_funneled/Mark_Wahlberg/Mark_Wahlberg_0003.jpg,True,output/Mark_Wahlberg_0002_result.jpg,output/Mark_Wahlberg_0003_result.jpg,False
183,Mark_Wahlberg,2,4,dataset/lfw_funneled/Mark_Wahlberg/Mark_Wahlberg_0002.jpg,dataset/lfw_funneled/Mark_Wahlberg/Mark_Wahlberg_0004.jpg,True,output/Mark_Wahlberg_0002_result.jpg,output/Mark_Wahlberg_0004_result.jpg,False
184,Marlene_Weingartner,1,2,dataset/lfw_funneled/Marlene_Weingartner/Marlene_Weingartner_0001.jpg,dataset/lfw_funneled/Marlene_Weingartner/Marlene_Weingartner_0002.jpg,False,output/Marlene_Weingartner_0001_result.jpg,output/Marlene_Weingartner_0002_result.jpg,False
185,Martha_Bowen,1,2,dataset/lfw_funneled/Martha_Bowen/Martha_Bowen_0001.jpg,dataset/lfw_funneled/Martha_Bowen/Martha_Bowen_0002.jpg,True,output/Martha_Bowen_0001_result.jpg,output/Martha_Bowen_0002_result.jpg,True
186,Martin_Cauchon,1,2,dataset/lfw_funneled/Martin_Cauchon/Martin_Cauchon_0001.jpg,dataset/lfw_funneled/Martin_Cauchon/Martin_Cauchon_0002.jpg,True,output/Martin_Cauchon_0001_result.jpg,output/Martin_Cauchon_0002_result.jpg,True
187,Martin_Hoellwarth,1,2,dataset/lfw_funneled/Martin_Hoellwarth/Martin_Hoellwarth_0001.jpg,dataset/lfw_funneled/Martin_Hoellwarth/Martin_Hoellwarth_0002.jpg,True,output/Martin_Hoellwarth_0001_result.jpg,output/Martin_Hoellwarth_0002_result.jpg,False
188,Martin_Sheen,1,2,dataset/lfw_funneled/Martin_Sheen/Martin_Sheen_0001.jpg,dataset/lfw_funneled/Martin_Sheen/Martin_Sheen_0002.jpg,True,output/Martin_Sheen_0001_result.jpg,output/Martin_Sheen_0002_result.jpg,True
189,Matthew_Broderick,1,4,dataset/lfw_funneled/Matthew_Broderick/Matthew_Broderick_0001.jpg,dataset/lfw_funneled/Matthew_Broderick/Matthew_Broderick_0004.jpg,False,output/Matthew_Broderick_0001_result.jpg,output/Matthew_Broderick_0004_result.jpg,True
190,Matthew_Broderick,2,3,dataset/lfw_funneled/Matthew_Broderick/Matthew_Broderick_0002.jpg,dataset/lfw_funneled/Matthew_Broderick/Matthew_Broderick_0003.jpg,True,output/Matthew_Broderick_0002_result.jpg,output/Matthew_Broderick_0003_result.jpg,True
191,Mike_Krzyzewski,1,6,dataset/lfw_funneled/Mike_Krzyzewski/Mike_Krzyzewski_0001.jpg,dataset/lfw_funneled/Mike_Krzyzewski/Mike_Krzyzewski_0006.jpg,True,output/Mike_Krzyzewski_0001_result.jpg,output/Mike_Krzyzewski_0006_result.jpg,True
192,Mikhail_Gorbachev,1,2,dataset/lfw_funneled/Mikhail_Gorbachev/Mikhail_Gorbachev_0001.jpg,dataset/lfw_funneled/Mikhail_Gorbachev/Mikhail_Gorbachev_0002.jpg,True,output/Mikhail_Gorbachev_0001_result.jpg,output/Mikhail_Gorbachev_0002_result.jpg,True
193,Monica_Bellucci,1,4,dataset/lfw_funneled/Monica_Bellucci/Monica_Bellucci_0001.jpg,dataset/lfw_funneled/Monica_Bellucci/Monica_Bellucci_0004.jpg,True,output/Monica_Bellucci_0001_result.jpg,output/Monica_Bellucci_0004_result.jpg,True
194,Monica_Bellucci,2,4,dataset/lfw_funneled/Monica_Bellucci/Monica_Bellucci_0002.jpg,dataset/lfw_funneled/Monica_Bellucci/Monica_Bellucci_0004.jpg,True,output/Monica_Bellucci_0002_result.jpg,output/Monica_Bellucci_0004_result.jpg,True
195,Naomi_Campbell,1,2,dataset/lfw_funneled/Naomi_Campbell/Naomi_Campbell_0001.jpg,dataset/lfw_funneled/Naomi_Campbell/Naomi_Campbell_0002.jpg,True,output/Naomi_Campbell_0001_result.jpg,output/Naomi_Campbell_0002_result.jpg,True
196,Nestor_Kirchner,3,30,dataset/lfw_funneled/Nestor_Kirchner/Nestor_Kirchner_0003.jpg,dataset/lfw_funneled/Nestor_Kirchner/Nestor_Kirchner_0030.jpg,True,output/Nestor_Kirchner_0003_result.jpg,output/Nestor_Kirchner_0030_result.jpg,True
197,Nestor_Kirchner,12,21,dataset/lfw_funneled/Nestor_Kirchner/Nestor_Kirchner_0012.jpg,dataset/lfw_funneled/Nestor_Kirchner/Nestor_Kirchner_0021.jpg,True,output/Nestor_Kirchner_0012_result.jpg,output/Nestor_Kirchner_0021_result.jpg,True
198,Nestor_Kirchner,17,25,dataset/lfw_funneled/Nestor_Kirchner/Nestor_Kirchner_0017.jpg,dataset/lfw_funneled/Nestor_Kirchner/Nestor_Kirchner_0025.jpg,True,output/Nestor_Kirchner_0017_result.jpg,output/Nestor_Kirchner_0025_result.jpg,True
199,Nicolas_Lapentti,1,2,dataset/lfw_funneled/Nicolas_Lapentti/Nicolas_Lapentti_0001.jpg,dataset/lfw_funneled/Nicolas_Lapentti/Nicolas_Lapentti_0002.jpg,True,output/Nicolas_Lapentti_0001_result.jpg,output/Nicolas_Lapentti_0002_result.jpg,True
200,Noah_Wyle,2,3,dataset/lfw_funneled/Noah_Wyle/Noah_Wyle_0002.jpg,dataset/lfw_funneled/Noah_Wyle/Noah_Wyle_0003.jpg,True,output/Noah_Wyle_0002_result.jpg,output/Noah_Wyle_0003_result.jpg,True
201,Nora_Bendijo,1,2,dataset/lfw_funneled/Nora_Bendijo/Nora_Bendijo_0001.jpg,dataset/lfw_funneled/Nora_Bendijo/Nora_Bendijo_0002.jpg,True,output/Nora_Bendijo_0001_result.jpg,output/Nora_Bendijo_0002_result.jpg,True
202,Nursultan_Nazarbayev,1,2,dataset/lfw_funneled/Nursultan_Nazarbayev/Nursultan_Nazarbayev_0001.jpg,dataset/lfw_funneled/Nursultan_Nazarbayev/Nursultan_Nazarbayev_0002.jpg,True,output/Nursultan_Nazarbayev_0001_result.jpg,output/Nursultan_Nazarbayev_0002_result.jpg,True
203,Pamela_Anderson,1,2,dataset/lfw_funneled/Pamela_Anderson/Pamela_Anderson_0001.jpg,dataset/lfw_funneled/Pamela_Anderson/Pamela_Anderson_0002.jpg,True,output/Pamela_Anderson_0001_result.jpg,output/Pamela_Anderson_0002_result.jpg,True
204,Pamela_Anderson,1,5,dataset/lfw_funneled/Pamela_Anderson/Pamela_Anderson_0001.jpg,dataset/lfw_funneled/Pamela_Anderson/Pamela_Anderson_0005.jpg,True,output/Pamela_Anderson_0001_result.jpg,output/Pamela_Anderson_0005_result.jpg,True
205,Patricia_Heaton,1,2,dataset/lfw_funneled/Patricia_Heaton/Patricia_Heaton_0001.jpg,dataset/lfw_funneled/Patricia_Heaton/Patricia_Heaton_0002.jpg,True,output/Patricia_Heaton_0001_result.jpg,output/Patricia_Heaton_0002_result.jpg,True
206,Patty_Schnyder,1,2,dataset/lfw_funneled/Patty_Schnyder/Patty_Schnyder_0001.jpg,dataset/lfw_funneled/Patty_Schnyder/Patty_Schnyder_0002.jpg,False,output/Patty_Schnyder_0001_result.jpg,output/Patty_Schnyder_0002_result.jpg,False
207,Patty_Schnyder,2,3,dataset/lfw_funneled/Patty_Schnyder/Patty_Schnyder_0002.jpg,dataset/lfw_funneled/Patty_Schnyder/Patty_Schnyder_0003.jpg,False,output/Patty_Schnyder_0002_result.jpg,output/Patty_Schnyder_0003_result.jpg,False
208,Patty_Schnyder,2,4,dataset/lfw_funneled/Patty_Schnyder/Patty_Schnyder_0002.jpg,dataset/lfw_funneled/Patty_Schnyder/Patty_Schnyder_0004.jpg,True,output/Patty_Schnyder_0002_result.jpg,output/Patty_Schnyder_0004_result.jpg,True
209,Patty_Schnyder,3,4,dataset/lfw_funneled/Patty_Schnyder/Patty_Schnyder_0003.jpg,dataset/lfw_funneled/Patty_Schnyder/Patty_Schnyder_0004.jpg,True,output/Patty_Schnyder_0003_result.jpg,output/Patty_Schnyder_0004_result.jpg,True
210,Paul_Bremer,6,17,dataset/lfw_funneled/Paul_Bremer/Paul_Bremer_0006.jpg,dataset/lfw_funneled/Paul_Bremer/Paul_Bremer_0017.jpg,True,output/Paul_Bremer_0006_result.jpg,output/Paul_Bremer_0017_result.jpg,True
211,Paul_Bremer,7,10,dataset/lfw_funneled/Paul_Bremer/Paul_Bremer_0007.jpg,dataset/lfw_funneled/Paul_Bremer/Paul_Bremer_0010.jpg,True,output/Paul_Bremer_0007_result.jpg,output/Paul_Bremer_0010_result.jpg,True
212,Paul_Bremer,9,15,dataset/lfw_funneled/Paul_Bremer/Paul_Bremer_0009.jpg,dataset/lfw_funneled/Paul_Bremer/Paul_Bremer_0015.jpg,True,output/Paul_Bremer_0009_result.jpg,output/Paul_Bremer_0015_result.jpg,True
213,Paul_Bremer,14,16,dataset/lfw_funneled/Paul_Bremer/Paul_Bremer_0014.jpg,dataset/lfw_funneled/Paul_Bremer/Paul_Bremer_0016.jpg,True,output/Paul_Bremer_0014_result.jpg,output/Paul_Bremer_0016_result.jpg,False
214,Paul_Sarbanes,1,3,dataset/lfw_funneled/Paul_Sarbanes/Paul_Sarbanes_0001.jpg,dataset/lfw_funneled/Paul_Sarbanes/Paul_Sarbanes_0003.jpg,True,output/Paul_Sarbanes_0001_result.jpg,output/Paul_Sarbanes_0003_result.jpg,True
215,Paul_Sarbanes,2,3,dataset/lfw_funneled/Paul_Sarbanes/Paul_Sarbanes_0002.jpg,dataset/lfw_funneled/Paul_Sarbanes/Paul_Sarbanes_0003.jpg,True,output/Paul_Sarbanes_0002_result.jpg,output/Paul_Sarbanes_0003_result.jpg,True
216,Paul_William_Hurley,1,2,dataset/lfw_funneled/Paul_William_Hurley/Paul_William_Hurley_0001.jpg,dataset/lfw_funneled/Paul_William_Hurley/Paul_William_Hurley_0002.jpg,True,output/Paul_William_Hurley_0001_result.jpg,output/Paul_William_Hurley_0002_result.jpg,True
217,Pervez_Musharraf,1,6,dataset/lfw_funneled/Pervez_Musharraf/Pervez_Musharraf_0001.jpg,dataset/lfw_funneled/Pervez_Musharraf/Pervez_Musharraf_0006.jpg,True,output/Pervez_Musharraf_0001_result.jpg,output/Pervez_Musharraf_0006_result.jpg,True
218,Pervez_Musharraf,2,16,dataset/lfw_funneled/Pervez_Musharraf/Pervez_Musharraf_0002.jpg,dataset/lfw_funneled/Pervez_Musharraf/Pervez_Musharraf_0016.jpg,True,output/Pervez_Musharraf_0002_result.jpg,output/Pervez_Musharraf_0016_result.jpg,True
219,Pervez_Musharraf,3,10,dataset/lfw_funneled/Pervez_Musharraf/Pervez_Musharraf_0003.jpg,dataset/lfw_funneled/Pervez_Musharraf/Pervez_Musharraf_0010.jpg,True,output/Pervez_Musharraf_0003_result.jpg,output/Pervez_Musharraf_0010_result.jpg,True
220,Pervez_Musharraf,4,14,dataset/lfw_funneled/Pervez_Musharraf/Pervez_Musharraf_0004.jpg,dataset/lfw_funneled/Pervez_Musharraf/Pervez_Musharraf_0014.jpg,True,output/Pervez_Musharraf_0004_result.jpg,output/Pervez_Musharraf_0014_result.jpg,True
221,Pervez_Musharraf,5,7,dataset/lfw_funneled/Pervez_Musharraf/Pervez_Musharraf_0005.jpg,dataset/lfw_funneled/Pervez_Musharraf/Pervez_Musharraf_0007.jpg,True,output/Pervez_Musharraf_0005_result.jpg,output/Pervez_Musharraf_0007_result.jpg,True
222,Pervez_Musharraf,5,15,dataset/lfw_funneled/Pervez_Musharraf/Pervez_Musharraf_0005.jpg,dataset/lfw_funneled/Pervez_Musharraf/Pervez_Musharraf_0015.jpg,False,output/Pervez_Musharraf_0005_result.jpg,output/Pervez_Musharraf_0015_result.jpg,False
223,Phil_Gramm,1,2,dataset/lfw_funneled/Phil_Gramm/Phil_Gramm_0001.jpg,dataset/lfw_funneled/Phil_Gramm/Phil_Gramm_0002.jpg,True,output/Phil_Gramm_0001_result.jpg,output/Phil_Gramm_0002_result.jpg,True
224,Prince_Edward,1,2,dataset/lfw_funneled/Prince_Edward/Prince_Edward_0001.jpg,dataset/lfw_funneled/Prince_Edward/Prince_Edward_0002.jpg,False,output/Prince_Edward_0001_result.jpg,output/Prince_Edward_0002_result.jpg,False
225,Ricardo_Lagos,3,12,dataset/lfw_funneled/Ricardo_Lagos/Ricardo_Lagos_0003.jpg,dataset/lfw_funneled/Ricardo_Lagos/Ricardo_Lagos_0012.jpg,True,output/Ricardo_Lagos_0003_result.jpg,output/Ricardo_Lagos_0012_result.jpg,True
226,Ricardo_Lagos,23,27,dataset/lfw_funneled/Ricardo_Lagos/Ricardo_Lagos_0023.jpg,dataset/lfw_funneled/Ricardo_Lagos/Ricardo_Lagos_0027.jpg,True,output/Ricardo_Lagos_0023_result.jpg,output/Ricardo_Lagos_0027_result.jpg,True
227,Ricardo_Monasterio,1,2,dataset/lfw_funneled/Ricardo_Monasterio/Ricardo_Monasterio_0001.jpg,dataset/lfw_funneled/Ricardo_Monasterio/Ricardo_Monasterio_0002.jpg,True,output/Ricardo_Monasterio_0001_result.jpg,output/Ricardo_Monasterio_0002_result.jpg,True
228,Rich_Gannon,1,2,dataset/lfw_funneled/Rich_Gannon/Rich_Gannon_0001.jpg,dataset/lfw_funneled/Rich_Gannon/Rich_Gannon_0002.jpg,True,output/Rich_Gannon_0001_result.jpg,output/Rich_Gannon_0002_result.jpg,True
229,Rick_Perry,1,4,dataset/lfw_funneled/Rick_Perry/Rick_Perry_0001.jpg,dataset/lfw_funneled/Rick_Perry/Rick_Perry_0004.jpg,True,output/Rick_Perry_0001_result.jpg,output/Rick_Perry_0004_result.jpg,True
230,Rick_Perry,1,5,dataset/lfw_funneled/Rick_Perry/Rick_Perry_0001.jpg,dataset/lfw_funneled/Rick_Perry/Rick_Perry_0005.jpg,True,output/Rick_Perry_0001_result.jpg,output/Rick_Perry_0005_result.jpg,True
231,Rick_Perry,2,4,dataset/lfw_funneled/Rick_Perry/Rick_Perry_0002.jpg,dataset/lfw_funneled/Rick_Perry/Rick_Perry_0004.jpg,True,output/Rick_Perry_0002_result.jpg,output/Rick_Perry_0004_result.jpg,True
232,Rick_Perry,3,4,dataset/lfw_funneled/Rick_Perry/Rick_Perry_0003.jpg,dataset/lfw_funneled/Rick_Perry/Rick_Perry_0004.jpg,True,output/Rick_Perry_0003_result.jpg,output/Rick_Perry_0004_result.jpg,True
233,Robert_Bonner,2,3,dataset/lfw_funneled/Robert_Bonner/Robert_Bonner_0002.jpg,dataset/lfw_funneled/Robert_Bonner/Robert_Bonner_0003.jpg,True,output/Robert_Bonner_0002_result.jpg,output/Robert_Bonner_0003_result.jpg,True
234,Robert_Evans,2,3,dataset/lfw_funneled/Robert_Evans/Robert_Evans_0002.jpg,dataset/lfw_funneled/Robert_Evans/Robert_Evans_0003.jpg,True,output/Robert_Evans_0002_result.jpg,output/Robert_Evans_0003_result.jpg,True
235,Robert_Fico,1,2,dataset/lfw_funneled/Robert_Fico/Robert_Fico_0001.jpg,dataset/lfw_funneled/Robert_Fico/Robert_Fico_0002.jpg,True,output/Robert_Fico_0001_result.jpg,output/Robert_Fico_0002_result.jpg,True
236,Romano_Prodi,3,5,dataset/lfw_funneled/Romano_Prodi/Romano_Prodi_0003.jpg,dataset/lfw_funneled/Romano_Prodi/Romano_Prodi_0005.jpg,True,output/Romano_Prodi_0003_result.jpg,output/Romano_Prodi_0005_result.jpg,True
237,Roy_Moore,2,5,dataset/lfw_funneled/Roy_Moore/Roy_Moore_0002.jpg,dataset/lfw_funneled/Roy_Moore/Roy_Moore_0005.jpg,False,output/Roy_Moore_0002_result.jpg,output/Roy_Moore_0005_result.jpg,False
238,Roy_Moore,3,6,dataset/lfw_funneled/Roy_Moore/Roy_Moore_0003.jpg,dataset/lfw_funneled/Roy_Moore/Roy_Moore_0006.jpg,False,output/Roy_Moore_0003_result.jpg,output/Roy_Moore_0006_result.jpg,True
239,Sachiko_Yamada,1,2,dataset/lfw_funneled/Sachiko_Yamada/Sachiko_Yamada_0001.jpg,dataset/lfw_funneled/Sachiko_Yamada/Sachiko_Yamada_0002.jpg,True,output/Sachiko_Yamada_0001_result.jpg,output/Sachiko_Yamada_0002_result.jpg,True
240,Sachiko_Yamada,1,4,dataset/lfw_funneled/Sachiko_Yamada/Sachiko_Yamada_0001.jpg,dataset/lfw_funneled/Sachiko_Yamada/Sachiko_Yamada_0004.jpg,False,output/Sachiko_Yamada_0001_result.jpg,output/Sachiko_Yamada_0004_result.jpg,False
241,Sachiko_Yamada,2,3,dataset/lfw_funneled/Sachiko_Yamada/Sachiko_Yamada_0002.jpg,dataset/lfw_funneled/Sachiko_Yamada/Sachiko_Yamada_0003.jpg,True,output/Sachiko_Yamada_0002_result.jpg,output/Sachiko_Yamada_0003_result.jpg,True
242,Sachiko_Yamada,2,4,dataset/lfw_funneled/Sachiko_Yamada/Sachiko_Yamada_0002.jpg,dataset/lfw_funneled/Sachiko_Yamada/Sachiko_Yamada_0004.jpg,False,output/Sachiko_Yamada_0002_result.jpg,output/Sachiko_Yamada_0004_result.jpg,False
243,Saeb_Erekat,1,2,dataset/lfw_funneled/Saeb_Erekat/Saeb_Erekat_0001.jpg,dataset/lfw_funneled/Saeb_Erekat/Saeb_Erekat_0002.jpg,True,output/Saeb_Erekat_0001_result.jpg,output/Saeb_Erekat_0002_result.jpg,True
244,Sam_Bith,1,2,dataset/lfw_funneled/Sam_Bith/Sam_Bith_0001.jpg,dataset/lfw_funneled/Sam_Bith/Sam_Bith_0002.jpg,True,output/Sam_Bith_0001_result.jpg,output/Sam_Bith_0002_result.jpg,True
245,Sam_Bith,1,3,dataset/lfw_funneled/Sam_Bith/Sam_Bith_0001.jpg,dataset/lfw_funneled/Sam_Bith/Sam_Bith_0003.jpg,True,output/Sam_Bith_0001_result.jpg,output/Sam_Bith_0003_result.jpg,True
246,Sam_Bith,2,3,dataset/lfw_funneled/Sam_Bith/Sam_Bith_0002.jpg,dataset/lfw_funneled/Sam_Bith/Sam_Bith_0003.jpg,False,output/Sam_Bith_0002_result.jpg,output/Sam_Bith_0003_result.jpg,True
247,Sean_Hayes,1,2,dataset/lfw_funneled/Sean_Hayes/Sean_Hayes_0001.jpg,dataset/lfw_funneled/Sean_Hayes/Sean_Hayes_0002.jpg,True,output/Sean_Hayes_0001_result.jpg,output/Sean_Hayes_0002_result.jpg,True
248,Sergio_Garcia,1,2,dataset/lfw_funneled/Sergio_Garcia/Sergio_Garcia_0001.jpg,dataset/lfw_funneled/Sergio_Garcia/Sergio_Garcia_0002.jpg,True,output/Sergio_Garcia_0001_result.jpg,output/Sergio_Garcia_0002_result.jpg,True
249,Silvia_Farina_Elia,1,2,dataset/lfw_funneled/Silvia_Farina_Elia/Silvia_Farina_Elia_0001.jpg,dataset/lfw_funneled/Silvia_Farina_Elia/Silvia_Farina_Elia_0002.jpg,True,output/Silvia_Farina_Elia_0001_result.jpg,output/Silvia_Farina_Elia_0002_result.jpg,True
250,Steve_Ballmer,1,2,dataset/lfw_funneled/Steve_Ballmer/Steve_Ballmer_0001.jpg,dataset/lfw_funneled/Steve_Ballmer/Steve_Ballmer_0002.jpg,True,output/Steve_Ballmer_0001_result.jpg,output/Steve_Ballmer_0002_result.jpg,True
251,Steve_Ballmer,1,3,dataset/lfw_funneled/Steve_Ballmer/Steve_Ballmer_0001.jpg,dataset/lfw_funneled/Steve_Ballmer/Steve_Ballmer_0003.jpg,True,output/Steve_Ballmer_0001_result.jpg,output/Steve_Ballmer_0003_result.jpg,True
252,Stockard_Channing,1,3,dataset/lfw_funneled/Stockard_Channing/Stockard_Channing_0001.jpg,dataset/lfw_funneled/Stockard_Channing/Stockard_Channing_0003.jpg,True,output/Stockard_Channing_0001_result.jpg,output/Stockard_Channing_0003_result.jpg,True
253,Stockard_Channing,2,3,dataset/lfw_funneled/Stockard_Channing/Stockard_Channing_0002.jpg,dataset/lfw_funneled/Stockard_Channing/Stockard_Channing_0003.jpg,True,output/Stockard_Channing_0002_result.jpg,output/Stockard_Channing_0003_result.jpg,False
254,Terry_McAuliffe,1,2,dataset/lfw_funneled/Terry_McAuliffe/Terry_McAuliffe_0001.jpg,dataset/lfw_funneled/Terry_McAuliffe/Terry_McAuliffe_0002.jpg,True,output/Terry_McAuliffe_0001_result.jpg,output/Terry_McAuliffe_0002_result.jpg,False
255,Terry_McAuliffe,1,3,dataset/lfw_funneled/Terry_McAuliffe/Terry_McAuliffe_0001.jpg,dataset/lfw_funneled/Terry_McAuliffe/Terry_McAuliffe_0003.jpg,True,output/Terry_McAuliffe_0001_result.jpg,output/Terry_McAuliffe_0003_result.jpg,True
256,Thomas_Rupprath,1,3,dataset/lfw_funneled/Thomas_Rupprath/Thomas_Rupprath_0001.jpg,dataset/lfw_funneled/Thomas_Rupprath/Thomas_Rupprath_0003.jpg,True,output/Thomas_Rupprath_0001_result.jpg,output/Thomas_Rupprath_0003_result.jpg,True
257,Thomas_Rupprath,2,3,dataset/lfw_funneled/Thomas_Rupprath/Thomas_Rupprath_0002.jpg,dataset/lfw_funneled/Thomas_Rupprath/Thomas_Rupprath_0003.jpg,True,output/Thomas_Rupprath_0002_result.jpg,output/Thomas_Rupprath_0003_result.jpg,True
258,Tom_Ridge,6,16,dataset/lfw_funneled/Tom_Ridge/Tom_Ridge_0006.jpg,dataset/lfw_funneled/Tom_Ridge/Tom_Ridge_0016.jpg,True,output/Tom_Ridge_0006_result.jpg,output/Tom_Ridge_0016_result.jpg,True
259,Tom_Ridge,8,25,dataset/lfw_funneled/Tom_Ridge/Tom_Ridge_0008.jpg,dataset/lfw_funneled/Tom_Ridge/Tom_Ridge_0025.jpg,False,output/Tom_Ridge_0008_result.jpg,output/Tom_Ridge_0025_result.jpg,True
260,Tom_Ridge,9,26,dataset/lfw_funneled/Tom_Ridge/Tom_Ridge_0009.jpg,dataset/lfw_funneled/Tom_Ridge/Tom_Ridge_0026.jpg,True,output/Tom_Ridge_0009_result.jpg,output/Tom_Ridge_0026_result.jpg,True
261,Tom_Ridge,18,22,dataset/lfw_funneled/Tom_Ridge/Tom_Ridge_0018.jpg,dataset/lfw_funneled/Tom_Ridge/Tom_Ridge_0022.jpg,True,output/Tom_Ridge_0018_result.jpg,output/Tom_Ridge_0022_result.jpg,True
262,Tommy_Haas,4,5,dataset/lfw_funneled/Tommy_Haas/Tommy_Haas_0004.jpg,dataset/lfw_funneled/Tommy_Haas/Tommy_Haas_0005.jpg,True,output/Tommy_Haas_0004_result.jpg,output/Tommy_Haas_0005_result.jpg,True
263,Tommy_Thompson,1,2,dataset/lfw_funneled/Tommy_Thompson/Tommy_Thompson_0001.jpg,dataset/lfw_funneled/Tommy_Thompson/Tommy_Thompson_0002.jpg,True,output/Tommy_Thompson_0001_result.jpg,output/Tommy_Thompson_0002_result.jpg,True
264,Tommy_Thompson,1,7,dataset/lfw_funneled/Tommy_Thompson/Tommy_Thompson_0001.jpg,dataset/lfw_funneled/Tommy_Thompson/Tommy_Thompson_0007.jpg,True,output/Tommy_Thompson_0001_result.jpg,output/Tommy_Thompson_0007_result.jpg,True
265,Tommy_Thompson,2,8,dataset/lfw_funneled/Tommy_Thompson/Tommy_Thompson_0002.jpg,dataset/lfw_funneled/Tommy_Thompson/Tommy_Thompson_0008.jpg,True,output/Tommy_Thompson_0002_result.jpg,output/Tommy_Thompson_0008_result.jpg,True
266,Tommy_Thompson,4,8,dataset/lfw_funneled/Tommy_Thompson/Tommy_Thompson_0004.jpg,dataset/lfw_funneled/Tommy_Thompson/Tommy_Thompson_0008.jpg,True,output/Tommy_Thompson_0004_result.jpg,output/Tommy_Thompson_0008_result.jpg,True
267,Tommy_Thompson,6,9,dataset/lfw_funneled/Tommy_Thompson/Tommy_Thompson_0006.jpg,dataset/lfw_funneled/Tommy_Thompson/Tommy_Thompson_0009.jpg,True,output/Tommy_Thompson_0006_result.jpg,output/Tommy_Thompson_0009_result.jpg,True
268,Tomoko_Hagiwara,1,2,dataset/lfw_funneled/Tomoko_Hagiwara/Tomoko_Hagiwara_0001.jpg,dataset/lfw_funneled/Tomoko_Hagiwara/Tomoko_Hagiwara_0002.jpg,True,output/Tomoko_Hagiwara_0001_result.jpg,output/Tomoko_Hagiwara_0002_result.jpg,True
269,Trent_Lott,1,2,dataset/lfw_funneled/Trent_Lott/Trent_Lott_0001.jpg,dataset/lfw_funneled/Trent_Lott/Trent_Lott_0002.jpg,True,output/Trent_Lott_0001_result.jpg,output/Trent_Lott_0002_result.jpg,True
270,Trent_Lott,2,3,dataset/lfw_funneled/Trent_Lott/Trent_Lott_0002.jpg,dataset/lfw_funneled/Trent_Lott/Trent_Lott_0003.jpg,False,output/Trent_Lott_0002_result.jpg,output/Trent_Lott_0003_result.jpg,True
271,Trent_Lott,2,8,dataset/lfw_funneled/Trent_Lott/Trent_Lott_0002.jpg,dataset/lfw_funneled/Trent_Lott/Trent_Lott_0008.jpg,False,output/Trent_Lott_0002_result.jpg,output/Trent_Lott_0008_result.jpg,True
272,Trent_Lott,6,11,dataset/lfw_funneled/Trent_Lott/Trent_Lott_0006.jpg,dataset/lfw_funneled/Trent_Lott/Trent_Lott_0011.jpg,True,output/Trent_Lott_0006_result.jpg,output/Trent_Lott_0011_result.jpg,True
273,Trent_Lott,7,10,dataset/lfw_funneled/Trent_Lott/Trent_Lott_0007.jpg,dataset/lfw_funneled/Trent_Lott/Trent_Lott_0010.jpg,True,output/Trent_Lott_0007_result.jpg,output/Trent_Lott_0010_result.jpg,True
274,Trent_Lott,8,16,dataset/lfw_funneled/Trent_Lott/Trent_Lott_0008.jpg,dataset/lfw_funneled/Trent_Lott/Trent_Lott_0016.jpg,False,output/Trent_Lott_0008_result.jpg,output/Trent_Lott_0016_result.jpg,True
275,Tsutomu_Takebe,1,2,dataset/lfw_funneled/Tsutomu_Takebe/Tsutomu_Takebe_0001.jpg,dataset/lfw_funneled/Tsutomu_Takebe/Tsutomu_Takebe_0002.jpg,True,output/Tsutomu_Takebe_0001_result.jpg,output/Tsutomu_Takebe_0002_result.jpg,True
276,Tyler_Hamilton,1,2,dataset/lfw_funneled/Tyler_Hamilton/Tyler_Hamilton_0001.jpg,dataset/lfw_funneled/Tyler_Hamilton/Tyler_Hamilton_0002.jpg,True,output/Tyler_Hamilton_0001_result.jpg,output/Tyler_Hamilton_0002_result.jpg,True
277,Tyra_Banks,1,2,dataset/lfw_funneled/Tyra_Banks/Tyra_Banks_0001.jpg,dataset/lfw_funneled/Tyra_Banks/Tyra_Banks_0002.jpg,True,output/Tyra_Banks_0001_result.jpg,output/Tyra_Banks_0002_result.jpg,True
278,Vaclav_Havel,2,4,dataset/lfw_funneled/Vaclav_Havel/Vaclav_Havel_0002.jpg,dataset/lfw_funneled/Vaclav_Havel/Vaclav_Havel_0004.jpg,True,output/Vaclav_Havel_0002_result.jpg,output/Vaclav_Havel_0004_result.jpg,True
279,Vaclav_Havel,2,5,dataset/lfw_funneled/Vaclav_Havel/Vaclav_Havel_0002.jpg,dataset/lfw_funneled/Vaclav_Havel/Vaclav_Havel_0005.jpg,True,output/Vaclav_Havel_0002_result.jpg,output/Vaclav_Havel_0005_result.jpg,True
280,Vaclav_Havel,2,6,dataset/lfw_funneled/Vaclav_Havel/Vaclav_Havel_0002.jpg,dataset/lfw_funneled/Vaclav_Havel/Vaclav_Havel_0006.jpg,True,output/Vaclav_Havel_0002_result.jpg,output/Vaclav_Havel_0006_result.jpg,True
281,Vaclav_Havel,4,9,dataset/lfw_funneled/Vaclav_Havel/Vaclav_Havel_0004.jpg,dataset/lfw_funneled/Vaclav_Havel/Vaclav_Havel_0009.jpg,True,output/Vaclav_Havel_0004_result.jpg,output/Vaclav_Havel_0009_result.jpg,True
282,Vaclav_Havel,5,7,dataset/lfw_funneled/Vaclav_Havel/Vaclav_Havel_0005.jpg,dataset/lfw_funneled/Vaclav_Havel/Vaclav_Havel_0007.jpg,True,output/Vaclav_Havel_0005_result.jpg,output/Vaclav_Havel_0007_result.jpg,True
283,Valerie_Harper,1,2,dataset/lfw_funneled/Valerie_Harper/Valerie_Harper_0001.jpg,dataset/lfw_funneled/Valerie_Harper/Valerie_Harper_0002.jpg,True,output/Valerie_Harper_0001_result.jpg,output/Valerie_Harper_0002_result.jpg,True
284,Vince_Carter,3,4,dataset/lfw_funneled/Vince_Carter/Vince_Carter_0003.jpg,dataset/lfw_funneled/Vince_Carter/Vince_Carter_0004.jpg,True,output/Vince_Carter_0003_result.jpg,output/Vince_Carter_0004_result.jpg,True
285,Vincent_Brooks,2,3,dataset/lfw_funneled/Vincent_Brooks/Vincent_Brooks_0002.jpg,dataset/lfw_funneled/Vincent_Brooks/Vincent_Brooks_0003.jpg,True,output/Vincent_Brooks_0002_result.jpg,output/Vincent_Brooks_0003_result.jpg,True
286,Vincent_Brooks,2,7,dataset/lfw_funneled/Vincent_Brooks/Vincent_Brooks_0002.jpg,dataset/lfw_funneled/Vincent_Brooks/Vincent_Brooks_0007.jpg,True,output/Vincent_Brooks_0002_result.jpg,output/Vincent_Brooks_0007_result.jpg,True
287,Vincent_Brooks,4,5,dataset/lfw_funneled/Vincent_Brooks/Vincent_Brooks_0004.jpg,dataset/lfw_funneled/Vincent_Brooks/Vincent_Brooks_0005.jpg,True,output/Vincent_Brooks_0004_result.jpg,output/Vincent_Brooks_0005_result.jpg,True
288,Vincent_Brooks,4,7,dataset/lfw_funneled/Vincent_Brooks/Vincent_Brooks_0004.jpg,dataset/lfw_funneled/Vincent_Brooks/Vincent_Brooks_0007.jpg,False,output/Vincent_Brooks_0004_result.jpg,output/Vincent_Brooks_0007_result.jpg,True
289,Vincent_Gallo,1,2,dataset/lfw_funneled/Vincent_Gallo/Vincent_Gallo_0001.jpg,dataset/lfw_funneled/Vincent_Gallo/Vincent_Gallo_0002.jpg,True,output/Vincent_Gallo_0001_result.jpg,output/Vincent_Gallo_0002_result.jpg,True
290,Vitali_Klitschko,1,2,dataset/lfw_funneled/Vitali_Klitschko/Vitali_Klitschko_0001.jpg,dataset/lfw_funneled/Vitali_Klitschko/Vitali_Klitschko_0002.jpg,True,output/Vitali_Klitschko_0001_result.jpg,output/Vitali_Klitschko_0002_result.jpg,True
291,Vitali_Klitschko,3,4,dataset/lfw_funneled/Vitali_Klitschko/Vitali_Klitschko_0003.jpg,dataset/lfw_funneled/Vitali_Klitschko/Vitali_Klitschko_0004.jpg,True,output/Vitali_Klitschko_0003_result.jpg,output/Vitali_Klitschko_0004_result.jpg,True
292,William_Macy,1,4,dataset/lfw_funneled/William_Macy/William_Macy_0001.jpg,dataset/lfw_funneled/William_Macy/William_Macy_0004.jpg,True,output/William_Macy_0001_result.jpg,output/William_Macy_0004_result.jpg,True
293,William_Macy,2,4,dataset/lfw_funneled/William_Macy/William_Macy_0002.jpg,dataset/lfw_funneled/William_Macy/William_Macy_0004.jpg,False,output/William_Macy_0002_result.jpg,output/William_Macy_0004_result.jpg,False
294,William_Macy,3,4,dataset/lfw_funneled/William_Macy/William_Macy_0003.jpg,dataset/lfw_funneled/William_Macy/William_Macy_0004.jpg,True,output/William_Macy_0003_result.jpg,output/William_Macy_0004_result.jpg,True
295,Woody_Allen,2,4,dataset/lfw_funneled/Woody_Allen/Woody_Allen_0002.jpg,dataset/lfw_funneled/Woody_Allen/Woody_Allen_0004.jpg,True,output/Woody_Allen_0002_result.jpg,output/Woody_Allen_0004_result.jpg,True
296,Woody_Allen,3,5,dataset/lfw_funneled/Woody_Allen/Woody_Allen_0003.jpg,dataset/lfw_funneled/Woody_Allen/Woody_Allen_0005.jpg,True,output/Woody_Allen_0003_result.jpg,output/Woody_Allen_0005_result.jpg,True
297,Yukiko_Okudo,1,2,dataset/lfw_funneled/Yukiko_Okudo/Yukiko_Okudo_0001.jpg,dataset/lfw_funneled/Yukiko_Okudo/Yukiko_Okudo_0002.jpg,False,output/Yukiko_Okudo_0001_result.jpg,output/Yukiko_Okudo_0002_result.jpg,False
298,Zico,1,2,dataset/lfw_funneled/Zico/Zico_0001.jpg,dataset/lfw_funneled/Zico/Zico_0002.jpg,True,output/Zico_0001_result.jpg,output/Zico_0002_result.jpg,True
299,Zico,2,3,dataset/lfw_funneled/Zico/Zico_0002.jpg,dataset/lfw_funneled/Zico/Zico_0003.jpg,True,output/Zico_0002_result.jpg,output/Zico_0003_result.jpg,True
